Time (seconds),Throughput (requests/second),Average Latency (millisecond),Minimum Latency (millisecond),25th Percentile Latency (millisecond),Median Latency (millisecond),75th Percentile Latency (millisecond),90th Percentile Latency (millisecond),95th Percentile Latency (millisecond),99th Percentile Latency (millisecond),Maximum Latency (millisecond),tp (req/s) scaled
0,54.200,34.008,2.878,4.404,5.212,7.595,12.069,17.030,881.097,1853.306,0.029
10,68.100,10.697,2.982,3.804,4.242,4.858,6.211,8.430,220.455,331.554,0.093
20,62.400,6.074,3.046,3.840,4.178,4.675,5.465,6.249,22.352,316.171,0.165
30,71.700,4.510,3.077,3.782,4.100,4.503,5.259,6.302,14.165,48.568,0.222
40,59.900,4.571,3.180,3.905,4.232,4.661,5.364,6.533,14.964,21.656,0.219
50,69.700,4.262,3.078,3.805,4.081,4.444,5.035,5.552,7.187,28.032,0.235
60,57.900,4.645,3.133,3.966,4.264,4.671,5.391,6.235,16.370,33.927,0.215
70,77.100,4.422,3.048,3.813,4.158,4.644,5.365,6.002,9.623,17.443,0.226
80,65.100,4.540,3.238,3.916,4.239,4.750,5.518,6.101,10.903,16.750,0.220
90,70.300,4.389,3.040,3.855,4.199,4.573,5.305,6.014,8.292,13.214,0.228
100,64.400,4.453,3.060,3.877,4.236,4.664,5.263,6.116,8.171,15.664,0.225
110,70.900,4.322,3.144,3.793,4.133,4.543,5.171,5.783,8.418,16.269,0.231
120,68.700,4.354,3.084,3.876,4.191,4.622,5.195,5.709,7.287,14.333,0.230
130,63.000,4.566,3.120,3.920,4.328,4.835,5.504,6.095,10.163,19.806,0.219
140,73.900,4.310,3.000,3.822,4.140,4.562,5.158,5.924,6.976,9.552,0.232
150,63.000,4.534,3.146,3.935,4.296,4.740,5.479,6.204,8.913,18.253,0.221
160,71.300,4.385,3.047,3.826,4.112,4.470,5.049,5.680,12.748,19.559,0.228
170,69.200,4.544,2.923,3.968,4.334,4.840,5.343,5.935,10.470,17.520,0.220
180,72.900,4.326,3.193,3.868,4.169,4.554,5.067,5.749,7.557,14.528,0.231
190,61.000,4.952,3.144,3.983,4.382,4.909,5.762,6.603,8.971,207.952,0.202
200,69.600,4.637,3.203,4.020,4.401,4.913,5.605,6.121,9.673,15.955,0.216
210,68.500,4.714,3.173,4.005,4.408,5.025,6.058,7.014,9.673,13.193,0.212
220,63.200,4.551,3.134,3.893,4.214,4.652,5.487,6.270,12.860,20.939,0.220
230,58.600,5.650,3.186,4.061,4.597,5.925,9.129,12.378,17.072,19.107,0.177
240,71.800,4.301,3.122,3.847,4.160,4.585,5.138,5.522,6.910,9.274,0.233
250,69.600,4.575,3.223,3.993,4.327,4.820,5.582,6.105,8.740,21.348,0.219
260,68.700,4.334,3.158,3.879,4.167,4.561,5.089,5.618,7.395,15.328,0.231
270,62.100,4.601,3.131,3.999,4.387,4.887,5.616,6.234,9.337,15.144,0.217
280,70.700,4.613,2.959,3.999,4.382,4.859,5.713,6.360,8.544,14.679,0.217
290,64.800,4.505,3.183,3.982,4.308,4.809,5.438,5.846,7.439,15.334,0.222
300,74.600,4.447,3.150,3.955,4.256,4.667,5.250,5.759,8.839,15.647,0.225
310,70.000,4.479,3.205,3.943,4.310,4.717,5.209,5.954,8.668,15.814,0.223
320,69.300,4.435,3.041,3.937,4.302,4.746,5.295,5.745,7.142,13.292,0.225
330,75.300,4.493,3.108,3.946,4.308,4.827,5.404,6.066,7.604,10.321,0.223
340,65.700,4.803,3.067,4.085,4.505,5.111,6.171,7.030,9.445,16.033,0.208
350,67.900,4.588,3.232,4.004,4.313,4.796,5.705,6.674,9.050,17.440,0.218
360,70.700,4.521,3.139,3.953,4.308,4.831,5.511,6.053,8.144,15.128,0.221
370,73.300,4.451,3.133,3.889,4.230,4.655,5.326,5.892,8.836,14.493,0.225
380,63.600,4.730,3.260,3.886,4.218,4.654,5.290,5.839,7.595,217.192,0.211
390,75.300,4.308,3.023,3.860,4.150,4.527,5.061,5.524,7.154,14.170,0.232
400,71.500,4.299,3.107,3.829,4.139,4.560,5.070,5.471,6.884,14.801,0.233
410,72.000,4.419,3.157,3.911,4.211,4.701,5.315,5.879,7.609,13.845,0.226
420,71.900,4.383,3.091,3.886,4.193,4.632,5.217,5.629,7.374,16.413,0.228
430,69.500,4.332,2.878,3.847,4.162,4.556,5.163,5.708,8.122,12.846,0.231
440,71.900,4.576,3.200,4.048,4.373,4.877,5.499,6.091,7.535,14.878,0.219
450,70.700,4.550,3.026,3.989,4.371,4.869,5.510,6.191,7.458,9.072,0.220
460,69.100,4.501,3.120,3.899,4.290,4.766,5.345,6.118,9.433,15.677,0.222
470,67.800,4.968,3.193,3.955,4.301,4.910,7.032,9.777,16.051,19.609,0.201
480,68.900,4.521,2.939,3.971,4.279,4.774,5.494,6.271,8.168,17.509,0.221
490,80.000,4.398,3.116,3.836,4.156,4.563,5.291,6.033,10.325,20.695,0.227
500,64.500,4.413,3.167,3.912,4.255,4.684,5.303,5.797,7.426,14.408,0.227
510,69.600,4.287,3.023,3.863,4.132,4.500,5.020,5.697,7.211,7.985,0.233
520,65.300,4.340,3.084,3.856,4.193,4.595,5.253,5.675,6.833,12.294,0.230
530,69.400,4.330,3.148,3.826,4.149,4.641,5.246,5.760,6.866,8.994,0.231
540,71.800,4.270,3.144,3.830,4.129,4.547,5.138,5.615,6.797,9.282,0.234
550,69.900,4.300,2.983,3.831,4.130,4.514,5.140,5.624,7.561,10.214,0.233
560,74.000,4.260,3.149,3.808,4.115,4.472,4.998,5.568,6.703,8.958,0.235
570,75.200,4.403,3.136,3.856,4.168,4.551,5.221,6.042,9.224,14.684,0.227
580,78.900,4.256,3.094,3.843,4.106,4.447,4.937,5.528,7.130,12.132,0.235
590,73.100,4.351,3.016,3.897,4.228,4.602,5.133,5.664,7.056,15.228,0.230
600,76.600,4.361,3.047,3.852,4.174,4.582,5.117,5.897,8.582,12.187,0.229
610,61.700,4.520,3.066,3.928,4.321,4.715,5.550,6.109,9.021,11.909,0.221
620,61.700,4.462,3.200,3.980,4.296,4.726,5.306,5.892,7.344,10.860,0.224
630,61.800,4.434,3.136,3.910,4.235,4.661,5.243,5.681,7.660,14.813,0.226
640,54.000,4.535,3.170,3.986,4.336,4.806,5.536,6.164,7.634,16.004,0.221
650,64.200,4.383,2.864,3.906,4.229,4.639,5.176,5.576,7.211,16.197,0.228
660,51.200,4.422,3.086,3.902,4.253,4.681,5.394,5.879,7.161,14.558,0.226
670,67.800,4.336,2.973,3.815,4.165,4.601,5.152,5.636,7.490,13.995,0.231
680,82.400,4.301,3.234,3.831,4.116,4.518,5.105,5.598,7.457,12.603,0.233
690,42.800,4.488,3.323,3.937,4.274,4.748,5.475,5.985,7.520,16.324,0.223
700,60.800,4.352,3.179,3.845,4.158,4.594,5.137,5.769,7.827,17.921,0.230
710,63.500,6.327,3.115,4.102,4.826,7.257,11.288,13.904,19.621,31.713,0.158
720,61.200,4.537,3.240,3.869,4.171,4.685,5.663,6.372,10.711,16.006,0.220
730,57.900,5.589,3.242,4.188,4.719,5.694,7.920,11.841,16.904,23.605,0.179
740,79.800,4.625,3.194,4.063,4.386,4.875,5.668,6.521,8.953,11.113,0.216
750,81.000,4.596,2.962,4.013,4.367,4.877,5.626,6.438,8.309,13.648,0.218
760,73.600,4.772,3.015,4.061,4.463,5.054,5.986,7.105,10.256,15.659,0.210
770,75.900,4.507,3.084,3.957,4.273,4.720,5.499,6.260,7.888,12.392,0.222
780,79.700,4.514,3.141,3.967,4.263,4.744,5.533,6.089,7.846,15.097,0.222
790,69.000,4.619,3.241,4.051,4.420,4.947,5.554,6.358,8.193,11.042,0.216
800,72.800,4.419,3.317,3.932,4.243,4.623,5.094,5.815,7.643,16.605,0.226
810,67.600,4.586,3.309,3.985,4.338,4.836,5.612,6.415,8.883,16.835,0.218
820,70.200,4.368,2.937,3.869,4.184,4.530,5.074,5.793,7.882,15.674,0.229
830,70.200,4.403,3.210,3.921,4.278,4.709,5.285,5.677,7.145,14.236,0.227
840,84.300,4.292,3.110,3.837,4.143,4.510,5.084,5.620,7.398,11.642,0.233
850,67.200,4.450,3.108,3.883,4.220,4.743,5.444,6.411,8.491,10.124,0.225
860,73.900,4.381,3.202,3.900,4.198,4.603,5.252,5.919,7.373,15.184,0.228
870,73.400,4.417,3.064,3.861,4.214,4.660,5.378,6.002,7.971,13.229,0.226
880,69.700,4.462,3.080,3.878,4.223,4.741,5.621,6.204,7.802,10.803,0.224
890,71.800,4.321,3.014,3.863,4.195,4.596,5.069,5.418,6.520,14.837,0.231
900,70.200,4.421,3.147,3.893,4.218,4.631,5.278,5.952,7.715,14.491,0.226
910,71.600,4.341,3.238,3.884,4.160,4.532,5.092,5.569,7.078,14.720,0.230
920,70.900,4.558,3.012,4.010,4.372,4.859,5.424,5.967,7.355,17.455,0.219
930,77.300,4.490,2.940,3.921,4.309,4.856,5.565,6.167,6.991,8.338,0.223
940,60.300,4.973,3.185,3.873,4.248,4.972,6.854,9.235,15.336,22.112,0.201
950,74.600,4.401,3.109,3.892,4.212,4.663,5.272,5.792,7.564,14.808,0.227
960,74.800,4.401,3.160,3.867,4.149,4.618,5.217,5.968,8.987,14.342,0.227
970,79.700,4.426,3.186,3.852,4.133,4.634,5.447,6.236,8.174,27.921,0.226
980,71.400,4.295,3.000,3.838,4.147,4.571,5.115,5.613,7.142,13.871,0.233
990,69.700,4.389,3.052,3.887,4.195,4.679,5.283,5.971,7.539,11.004,0.228
1000,76.600,4.345,3.168,3.870,4.204,4.604,5.228,5.728,7.481,9.334,0.230
1010,71.500,4.435,3.063,3.943,4.274,4.727,5.388,5.868,7.127,11.470,0.225
1020,78.700,4.365,2.891,3.833,4.162,4.635,5.353,5.956,7.319,10.404,0.229
1030,72.000,4.387,3.110,3.871,4.165,4.613,5.187,6.035,8.407,19.451,0.228
1040,70.200,4.660,3.437,4.123,4.480,5.020,5.599,6.240,7.717,9.783,0.215
1050,71.100,4.562,3.196,4.000,4.322,4.795,5.528,6.088,8.859,13.460,0.219
1060,62.300,4.881,3.192,4.021,4.438,5.093,6.449,7.627,13.254,17.372,0.205
1070,58.600,4.725,3.070,3.899,4.308,4.875,6.055,7.794,13.280,15.547,0.212
1080,73.100,4.707,3.271,4.033,4.375,4.902,5.742,6.333,8.390,31.415,0.212
1090,72.000,4.671,3.131,3.991,4.426,4.924,5.677,6.345,9.187,31.482,0.214
1100,66.300,4.939,3.339,4.160,4.599,5.249,6.227,7.116,9.749,16.868,0.202
1110,75.000,4.595,3.232,3.993,4.389,4.945,5.669,6.069,7.223,15.387,0.218
1120,70.300,4.466,3.150,3.952,4.253,4.668,5.354,5.934,7.720,17.176,0.224
1130,76.900,4.528,3.082,3.983,4.377,4.881,5.504,5.854,7.089,15.517,0.221
1140,85.200,4.468,3.180,3.923,4.258,4.757,5.403,6.001,7.435,15.185,0.224
1150,73.200,4.436,3.053,3.929,4.286,4.718,5.379,5.914,7.787,9.552,0.225
1160,71.500,4.512,3.261,3.972,4.300,4.807,5.512,6.051,7.777,11.855,0.222
1170,78.100,4.590,3.107,3.953,4.347,4.924,5.731,6.429,9.170,14.522,0.218
1180,62.500,4.998,3.215,3.964,4.393,5.034,6.213,7.574,16.211,39.191,0.200
1190,75.000,4.525,3.151,3.932,4.298,4.755,5.518,6.174,8.192,15.556,0.221
1200,73.100,4.379,2.990,3.891,4.184,4.606,5.146,5.914,7.405,16.145,0.228
1210,75.800,4.483,3.296,3.928,4.235,4.660,5.363,6.192,8.566,20.098,0.223
1220,77.100,4.319,2.948,3.831,4.151,4.552,5.160,5.854,7.309,10.134,0.232
1230,69.400,4.631,2.962,3.985,4.347,4.892,5.787,6.551,10.436,14.420,0.216
1240,74.400,4.533,3.136,3.952,4.314,4.846,5.618,6.170,8.372,14.288,0.221
1250,69.300,4.732,3.119,4.081,4.498,5.075,5.877,6.515,9.230,15.093,0.211
1260,79.100,4.685,3.013,4.034,4.468,5.038,5.895,6.622,8.566,11.360,0.213
1270,78.100,4.454,3.179,3.930,4.263,4.756,5.366,5.963,7.551,11.861,0.225
1280,71.400,4.548,3.196,3.993,4.343,4.830,5.455,6.127,7.389,15.538,0.220
1290,73.200,4.521,3.329,3.965,4.312,4.818,5.554,6.249,7.986,10.294,0.221
1300,77.000,4.451,3.027,3.930,4.268,4.652,5.242,5.889,9.277,13.191,0.225
1310,74.100,4.526,3.008,3.986,4.322,4.802,5.417,6.091,7.295,14.751,0.221
1320,80.100,4.302,3.116,3.899,4.189,4.547,5.030,5.426,6.493,10.431,0.232
1330,71.600,4.389,3.120,3.918,4.253,4.650,5.274,5.904,6.975,9.324,0.228
1340,74.000,4.466,3.114,3.948,4.301,4.746,5.390,5.994,7.767,11.595,0.224
1350,67.500,4.404,3.107,3.902,4.265,4.706,5.273,6.067,7.053,9.483,0.227
1360,74.800,4.380,3.006,3.885,4.223,4.644,5.178,5.893,7.534,11.010,0.228
1370,84.000,4.340,3.055,3.848,4.171,4.608,5.227,5.817,7.035,8.176,0.230
1380,74.200,4.331,3.204,3.881,4.215,4.606,5.129,5.492,6.769,10.379,0.231
1390,71.000,4.609,3.067,4.017,4.362,4.857,5.525,6.323,9.632,13.648,0.217
1400,73.100,4.470,3.223,3.978,4.325,4.738,5.315,5.706,7.438,15.373,0.224
1410,71.200,4.568,3.228,4.033,4.380,4.865,5.565,6.146,7.790,10.644,0.219
1420,70.500,5.340,3.004,3.942,4.356,5.383,8.082,11.979,17.986,24.157,0.187
1430,55.200,4.962,3.271,4.097,4.509,5.249,6.417,8.049,11.180,24.529,0.202
1440,69.700,4.676,2.967,3.843,4.178,4.760,6.334,7.799,12.989,18.845,0.214
1450,68.300,4.637,3.088,4.019,4.422,4.921,5.760,6.340,8.490,15.150,0.216
1460,86.000,4.200,2.954,3.828,4.119,4.439,4.856,5.307,6.323,8.452,0.238
1470,72.000,4.470,2.985,3.911,4.226,4.776,5.485,6.189,7.650,13.156,0.224
1480,86.200,4.345,3.026,3.807,4.147,4.555,5.381,6.040,7.906,9.397,0.230
1490,72.800,4.370,2.976,3.862,4.192,4.629,5.269,5.998,7.364,14.463,0.229
1500,76.300,4.458,3.152,3.895,4.203,4.686,5.525,6.242,7.989,19.630,0.224
1510,77.100,4.476,2.935,3.844,4.176,4.615,5.266,5.950,14.317,26.383,0.223
1520,75.600,4.527,3.168,3.922,4.248,4.822,5.658,6.349,8.763,14.657,0.221
1530,81.100,4.287,3.104,3.809,4.114,4.544,5.127,5.888,7.466,9.630,0.233
1540,67.400,4.524,2.967,3.905,4.261,4.755,5.483,6.315,11.231,14.186,0.221
1550,79.800,4.210,3.154,3.779,4.081,4.481,5.060,5.537,6.456,8.612,0.238
1560,73.500,4.389,3.076,3.902,4.194,4.567,5.211,5.771,7.973,16.141,0.228
1570,77.600,4.313,3.019,3.817,4.112,4.592,5.238,5.787,7.709,9.103,0.232
1580,74.200,4.267,3.082,3.782,4.105,4.527,5.111,5.600,7.004,14.212,0.234
1590,74.900,4.363,3.068,3.888,4.194,4.627,5.273,5.754,7.188,13.170,0.229
1600,84.100,4.481,3.094,3.855,4.199,4.658,5.427,6.318,9.829,26.121,0.223
1610,70.000,4.257,3.060,3.777,4.072,4.541,5.180,5.656,7.081,8.068,0.235
1620,79.500,4.353,3.086,3.802,4.132,4.553,5.276,5.895,8.504,16.559,0.230
1630,80.700,4.324,3.045,3.807,4.109,4.538,5.200,5.847,8.097,13.821,0.231
1640,73.600,4.437,3.153,3.865,4.221,4.710,5.475,5.963,7.848,16.336,0.225
1650,81.300,4.301,3.064,3.822,4.136,4.548,5.108,5.737,6.957,14.127,0.233
1660,62.900,4.935,3.208,3.938,4.338,4.968,6.566,7.988,17.924,23.151,0.203
1670,86.200,4.250,2.941,3.765,4.065,4.511,5.178,5.603,7.253,18.267,0.235
1680,70.100,4.328,3.144,3.825,4.135,4.624,5.225,5.841,7.335,8.988,0.231
1690,74.800,4.280,3.066,3.722,4.032,4.426,5.089,5.843,9.322,15.783,0.234
1700,73.600,4.277,2.994,3.728,4.090,4.496,5.065,5.761,7.565,14.778,0.234
1710,76.300,4.226,3.112,3.717,4.026,4.498,5.179,5.641,7.378,9.070,0.237
1720,72.500,4.230,2.989,3.765,4.057,4.429,5.050,5.559,7.409,14.215,0.236
1730,69.900,4.252,3.054,3.757,4.069,4.488,5.162,5.771,6.998,14.341,0.235
1740,80.300,4.210,3.001,3.759,4.051,4.426,4.974,5.382,7.612,15.856,0.238
1750,70.800,4.361,3.104,3.789,4.100,4.629,5.294,6.028,7.976,13.564,0.229
1760,86.000,4.175,3.069,3.731,4.027,4.458,4.990,5.447,6.331,9.060,0.240
1770,72.300,4.323,2.984,3.793,4.141,4.583,5.215,5.952,7.466,9.450,0.231
1780,79.100,4.692,3.177,3.835,4.166,4.787,6.023,7.873,14.058,18.204,0.213
1790,72.300,4.429,2.971,3.833,4.177,4.674,5.546,6.181,8.320,14.089,0.226
1800,6.400,4.800,2.977,3.781,4.219,4.804,5.807,7.488,15.534,15.534,0.208
